file	lines	category	action	reason	has_oas	ref_count
a2a_tools.ml	858	a2a	active	high_dependency_13	no	13
activity_feed.ml	279	infrastructure	active	referenced_infra	no	1
adaptive_thresholds.ml	196	infrastructure	active	referenced_infra	no	1
ag_ui.ml	228	infrastructure	active	referenced_infra	no	2
agent_card.ml	446	infrastructure	active	core_coordination	no	8
agent_economy.ml	305	infrastructure	active	core_coordination	no	4
agent_ecosystem.ml	404	infrastructure	active	core_coordination	no	1
agent_health.ml	133	infrastructure	active	core_coordination	no	3
agent_identity.ml	419	infrastructure	active	core_coordination	no	10
agent_neo4j.ml	438	infrastructure	active	core_coordination	no	0
agent_planner.ml	274	infrastructure	active	core_coordination	no	1
agent_registry_eio.ml	222	infrastructure	active	core_coordination	no	2
agent_reputation.ml	254	infrastructure	active	core_coordination	no	1
agent_swarm_client.ml	251	agent_swarm	active	core_coordination	no	5
agent_swarm_contract.ml	533	agent_swarm	active	core_coordination	yes	4
agent_swarm_dev_tools.ml	361	agent_swarm	active	core_coordination	yes	3
agent_swarm_external_agent.ml	93	agent_swarm	active	core_coordination	no	1
agent_swarm_fleet.ml	210	agent_swarm	active	core_coordination	yes	1
agent_swarm_live_harness.ml	450	agent_swarm	active	core_coordination	yes	4
agent_swarm_prompts.ml	186	agent_swarm	active	core_coordination	no	3
agent_swarm_runner.ml	133	agent_swarm	active	core_coordination	yes	0
agent_swarm_swarm.ml	459	agent_swarm	active	core_coordination	yes	2
agent_swarm_tool_input.ml	54	agent_swarm	active	core_coordination	no	2
agent_swarm_tools.ml	34	agent_swarm	active	core_coordination	yes	1
agent_tool_surfaces.ml	637	infrastructure	active	core_coordination	no	10
anti_fake.ml	232	infrastructure	archive	unreferenced_infra	no	0
async_spawn.ml	162	infrastructure	archive	unreferenced_infra	no	0
audit_log.ml	352	infrastructure	active	referenced_infra	no	7
auth.ml	410	infrastructure	active	referenced_infra	no	6
auto_recall.ml	392	infrastructure	active	referenced_infra	no	2
auto_responder.ml	335	infrastructure	active	referenced_infra	no	1
autonomy_adjuster.ml	219	infrastructure	archive	unreferenced_infra	no	0
autoresearch_types.ml	81	types	active	types_or_config	no	0
autoresearch.ml	869	infrastructure	archive	unreferenced_infra	yes	0
backend_core.ml	353	server	active	core	no	1
backend_eio_compression.ml	113	server	active	core	no	0
backend_eio.ml	852	server	active	core_server	no	1
backend.ml	882	server	active	core_server	no	10
backoff.ml	119	infrastructure	archive	unreferenced_infra	no	0
board_core.ml	804	infrastructure	archive	unreferenced_infra	no	0
board_dispatch.ml	271	infrastructure	active	referenced_infra	no	17
board_listener.ml	113	infrastructure	active	referenced_infra	no	1
board_pg_queries.ml	314	infrastructure	archive	unreferenced_infra	no	0
board_pg.ml	739	infrastructure	active	referenced_infra	no	2
board_votes.ml	488	infrastructure	archive	unreferenced_infra	no	0
board.ml	1	infrastructure	active	referenced_infra	no	24
bounded.ml	509	infrastructure	active	referenced_infra	no	5
build_identity.ml	99	infrastructure	active	referenced_infra	no	3
cache_eio.ml	337	infrastructure	active	referenced_infra	no	4
cancellation.ml	229	infrastructure	active	referenced_infra	no	1
capability_match.ml	410	infrastructure	archive	unreferenced_infra	no	0
capability_registry.ml	491	infrastructure	active	referenced_infra	no	2
chain_adapter_eio.ml	637	infrastructure	active	referenced_infra	no	1
chain_category.ml	454	infrastructure	active	referenced_infra	no	5
chain_compiler.ml	314	infrastructure	active	referenced_infra	no	4
chain_composer.ml	465	infrastructure	archive	unreferenced_infra	no	0
chain_conversation.ml	135	infrastructure	active	referenced_infra	no	1
chain_error.ml	203	infrastructure	active	referenced_infra	no	3
chain_evaluator.ml	541	infrastructure	archive	unreferenced_infra	no	0
chain_executor_complex.ml	513	infrastructure	active	referenced_infra	no	1
chain_executor_eio.ml	769	infrastructure	active	referenced_infra	no	3
chain_executor_helpers.ml	532	infrastructure	archive	unreferenced_infra	no	0
chain_executor_leaf.ml	516	infrastructure	archive	unreferenced_infra	no	0
chain_executor_resilience.ml	440	infrastructure	active	referenced_infra	no	2
chain_executor_retry.ml	226	infrastructure	active	referenced_infra	no	1
chain_executor_search.ml	521	infrastructure	active	referenced_infra	no	1
chain_iteration.ml	91	infrastructure	active	referenced_infra	no	1
chain_log.ml	160	infrastructure	active	referenced_infra	no	3
chain_mermaid_graph.ml	808	infrastructure	archive	unreferenced_infra	no	0
chain_mermaid_node_content.ml	549	infrastructure	archive	unreferenced_infra	no	0
chain_mermaid_parse.ml	607	infrastructure	archive	unreferenced_infra	no	0
chain_mermaid_parser.ml	457	infrastructure	active	referenced_infra	no	6
chain_native_eio.ml	622	infrastructure	active	referenced_infra	yes	6
chain_orchestrator_eio.ml	630	infrastructure	active	referenced_infra	no	1
chain_parser_helpers.ml	297	infrastructure	archive	unreferenced_infra	no	0
chain_parser_parse.ml	740	infrastructure	archive	unreferenced_infra	no	0
chain_parser_serialize.ml	441	infrastructure	archive	unreferenced_infra	no	0
chain_parser_validate.ml	487	infrastructure	archive	unreferenced_infra	no	0
chain_parser.ml	4	infrastructure	active	referenced_infra	no	8
chain_registry.ml	315	infrastructure	active	referenced_infra	no	2
chain_retry.ml	220	infrastructure	active	referenced_infra	no	2
chain_run_store.ml	377	infrastructure	active	referenced_infra	no	3
chain_spawn_registry.ml	230	infrastructure	active	referenced_infra	no	1
chain_stats.ml	569	infrastructure	active	referenced_infra	no	1
chain_telemetry.ml	444	infrastructure	active	referenced_infra	no	3
chain_trace_types.ml	103	types	active	types_or_config	no	1
chain_types.ml	680	types	active	types_or_config	no	22
chain_utils.ml	113	infrastructure	active	referenced_infra	no	4
checkpoint_store.ml	235	infrastructure	active	referenced_infra	no	1
checkpoint_types.ml	119	types	active	types_or_config	no	0
circuit_breaker.ml	325	infrastructure	active	referenced_infra	no	3
code_swarm_plan.ml	648	infrastructure	active	referenced_infra	yes	1
command_plane_orchestra.ml	806	infrastructure	active	referenced_infra	no	1
command_plane_v2.ml	29	infrastructure	active	referenced_infra	no	22
common.ml	43	infrastructure	active	referenced_infra	no	9
compaction_types.ml	19	types	active	types_or_config	no	3
compression_dict.ml	76	infrastructure	active	referenced_infra	no	2
config.ml	221	config	active	types_or_config	no	16
context_compact_oas.ml	279	context	active	context_system	yes	2
context_manager.ml	446	context	active	context_system	yes	22
context_router.ml	352	context	active	context_system	no	0
context_scoring.ml	71	context	active	context_system	yes	2
cp_cleanup.ml	266	command_plane	active	command_plane	no	4
cp_io.ml	162	command_plane	active	command_plane	no	0
cp_lifecycle_intents.ml	387	command_plane	active	command_plane	no	0
cp_lifecycle_policy.ml	838	command_plane	active	command_plane	no	0
cp_lifecycle_search.ml	782	command_plane	active	command_plane	no	0
cp_lifecycle_swarm_live_core.ml	268	command_plane	active	command_plane	no	0
cp_lifecycle_swarm_live.ml	861	command_plane	active	command_plane	no	0
cp_lifecycle.ml	635	command_plane	active	command_plane	no	1
cp_microarch_summary.ml	292	command_plane	active	command_plane	no	1
cp_paths.ml	97	command_plane	active	command_plane	no	3
cp_search_fabric.ml	619	command_plane	active	command_plane	no	7
cp_serde.ml	747	command_plane	active	command_plane	no	0
cp_snapshot_core.ml	620	command_plane	active	command_plane	no	0
cp_snapshot_summaries.ml	704	command_plane	active	command_plane	no	0
cp_snapshot.ml	1	command_plane	active	command_plane	no	2
cp_types.ml	195	types	active	types_or_config	no	0
cp_unit.ml	883	command_plane	active	command_plane	no	0
credits_dashboard.ml	529	infrastructure	active	referenced_infra	no	2
dashboard_agent_relations.ml	100	dashboard	active	dashboard_core	no	2
dashboard_attention.ml	212	dashboard	active	dashboard_core	no	1
dashboard_cache.ml	346	dashboard	active	dashboard_core	no	3
dashboard_execution_builders.ml	866	dashboard	archive	dashboard_builder	no	0
dashboard_execution_fixture.ml	653	dashboard	archive	dashboard_builder	no	0
dashboard_execution_helpers.ml	276	dashboard	active	dashboard_core	no	0
dashboard_execution.ml	278	dashboard	active	dashboard_core	no	1
dashboard_governance_judge.ml	364	dashboard	archive	dashboard_governance	no	1
dashboard_governance.ml	552	dashboard	archive	dashboard_governance	no	4
dashboard_http_helpers.ml	132	dashboard	active	dashboard_core	no	0
dashboard_http_keeper_detail.ml	777	dashboard	active	dashboard_core	no	0
dashboard_http_keeper_metrics.ml	464	dashboard	active	dashboard_core	no	0
dashboard_http_keeper.ml	454	dashboard	active	dashboard_core	no	0
dashboard_http_mdal.ml	213	dashboard	active	dashboard_core	no	0
dashboard_http_monitoring.ml	321	dashboard	active	dashboard_core	no	0
dashboard_labels.ml	171	dashboard	active	dashboard_core	no	2
dashboard_mission_assembly.ml	888	dashboard	archive	dashboard_heavy_render	no	1
dashboard_mission_briefing.ml	865	dashboard	archive	dashboard_heavy_render	no	1
dashboard_mission.ml	828	dashboard	active	dashboard_core	no	2
dashboard_operator_judge.ml	363	dashboard	archive	dashboard_governance	no	2
dashboard_proof_helpers.ml	84	dashboard	archive	dashboard_heavy_render	no	0
dashboard_proof.ml	906	dashboard	archive	dashboard_heavy_render	no	2
dashboard_semantics.ml	528	dashboard	active	dashboard_core	no	1
dashboard_utils.ml	98	dashboard	active	dashboard_core	no	14
dashboard.ml	601	infrastructure	active	referenced_infra	no	5
debate.ml	369	infrastructure	archive	unreferenced_infra	no	0
drift_guard.ml	300	infrastructure	active	referenced_infra	no	3
eio_context.ml	110	infrastructure	active	referenced_infra	no	24
encryption.ml	213	infrastructure	active	referenced_infra	no	1
env_config_core.ml	154	config	active	types_or_config	no	2
env_config_governance.ml	324	config	active	types_or_config	no	12
env_config_keeper.ml	225	config	active	types_or_config	no	1
env_config_runtime.ml	298	config	active	types_or_config	no	15
env_config.ml	69	config	active	types_or_config	no	77
error.ml	166	infrastructure	active	referenced_infra	no	9
eval_gate.ml	341	infrastructure	active	referenced_infra	no	4
eval_harness.ml	495	infrastructure	active	referenced_infra	no	1
federation_types.ml	325	types	active	types_or_config	no	0
federation.ml	745	infrastructure	archive	unreferenced_infra	no	0
file_lock_eio.ml	60	infrastructure	active	referenced_infra	no	1
game_view_state.ml	513	infrastructure	active	referenced_infra	no	3
gardener_decisions.ml	644	infrastructure	archive	unreferenced_infra	no	0
gardener_health.ml	285	infrastructure	archive	unreferenced_infra	no	0
gardener_state.ml	202	infrastructure	archive	unreferenced_infra	no	0
gardener_types.ml	411	types	active	types_or_config	no	0
gardener.ml	654	infrastructure	active	referenced_infra	yes	6
gcm_compat.ml	2	infrastructure	archive	unreferenced_infra	no	0
generational_metrics.ml	338	infrastructure	active	referenced_infra	no	1
glm_pool.ml	316	infrastructure	active	referenced_infra	no	2
goal_guard.ml	43	infrastructure	active	referenced_infra	no	1
goal_orchestrator.ml	148	infrastructure	active	referenced_infra	no	2
goal_scheduler.ml	60	infrastructure	active	referenced_infra	no	1
goal_store.ml	399	infrastructure	active	referenced_infra	no	7
governance_registry.ml	235	infrastructure	active	referenced_infra	no	6
graphql_api.ml	709	infrastructure	active	referenced_infra	no	2
graphql_client.ml	191	infrastructure	active	referenced_infra	no	5
graphql_endpoint.ml	65	infrastructure	active	referenced_infra	no	2
guardian.ml	371	infrastructure	active	referenced_infra	yes	6
handoff_quality.ml	53	infrastructure	active	referenced_infra	no	2
handover_eio.ml	316	infrastructure	active	referenced_infra	no	1
hat.ml	267	infrastructure	archive	unreferenced_infra	no	0
heartbeat_smart.ml	84	infrastructure	active	referenced_infra	no	1
heartbeat.ml	53	infrastructure	active	referenced_infra	no	3
hebbian_eio.ml	285	infrastructure	active	referenced_infra	no	1
http_server_eio.ml	666	infrastructure	active	referenced_infra	no	2
http_server_h2.ml	319	infrastructure	archive	unreferenced_infra	no	0
institution_eio.ml	673	infrastructure	active	referenced_infra	no	3
json_util.ml	124	infrastructure	active	referenced_infra	no	5
keeper_alerting_path.ml	74	keeper	active	keeper_system	yes	0
keeper_alerting.ml	893	keeper	active	keeper_system	yes	1
keeper_autonomy.ml	250	keeper	active	keeper_system	yes	8
keeper_chat_ag_ui.ml	140	keeper	active	keeper_system	no	0
keeper_config.ml	555	keeper	active	keeper_system	no	5
keeper_contract.ml	116	keeper	active	keeper_system	no	13
keeper_coordination.ml	189	keeper	active	keeper_system	no	0
keeper_deliberation.ml	601	keeper	active	keeper_system	no	3
keeper_exec_autonomy.ml	583	keeper	active	keeper_system	yes	0
keeper_exec_context.ml	814	keeper	active	keeper_system	yes	1
keeper_exec_persona.ml	393	keeper	active	keeper_system	no	1
keeper_exec_proactive.ml	733	keeper	active	keeper_system	yes	0
keeper_exec_social.ml	650	keeper	active	keeper_system	yes	0
keeper_exec_status.ml	863	keeper	active	keeper_system	no	5
keeper_exec_tools.ml	877	keeper	active	keeper_system	no	1
keeper_execution.ml	45	keeper	active	keeper_system	no	4
keeper_feedback_tool.ml	47	keeper	active	keeper_system	no	0
keeper_keepalive.ml	359	keeper	active	keeper_system	yes	5
keeper_learning.ml	180	keeper	active	keeper_system	no	1
keeper_memory_bank.ml	511	keeper	active	keeper_system	no	0
keeper_memory_policy.ml	645	keeper	active	keeper_system	yes	0
keeper_memory_recall.ml	660	keeper	active	keeper_system	yes	0
keeper_memory.ml	4	keeper	active	keeper_system	no	4
keeper_persona.ml	72	keeper	active	keeper_system	no	0
keeper_policy.ml	510	keeper	active	keeper_system	no	0
keeper_prompt.ml	458	keeper	active	keeper_system	no	0
keeper_runtime.ml	139	keeper	active	keeper_system	no	1
keeper_schema.ml	815	keeper	active	keeper_system	no	1
keeper_status_bridge.ml	38	keeper	active	keeper_system	no	0
keeper_status.ml	885	keeper	active	keeper_system	no	0
keeper_turn_lifecycle.ml	131	keeper	active	keeper_system	no	1
keeper_turn_response.ml	498	keeper	active	keeper_system	no	0
keeper_turn_session.ml	296	keeper	active	keeper_system	no	0
keeper_turn_setup.ml	428	keeper	active	keeper_system	no	0
keeper_turn_up.ml	858	keeper	active	keeper_system	no	1
keeper_turn.ml	916	keeper	active	keeper_system	yes	0
keeper_types_profile.ml	444	keeper	active	keeper_system	no	0
keeper_types_resident.ml	168	keeper	active	keeper_system	no	0
keeper_types.ml	781	keeper	active	keeper_system	no	17
keeper_verifier.ml	212	keeper	active	keeper_system	no	1
lamport.ml	55	infrastructure	active	referenced_infra	no	1
langfuse.ml	345	infrastructure	active	referenced_infra	no	3
level2_config.ml	83	infrastructure	active	referenced_infra	no	3
level4_config.ml	210	infrastructure	active	referenced_infra	no	3
llm_discovery_cache.ml	71	infrastructure	active	referenced_infra	no	3
llm_eio_env.ml	24	infrastructure	active	referenced_infra	no	4
llm_oas_adapters.ml	63	infrastructure	active	referenced_infra	no	1
llm_orchestration.ml	363	infrastructure	active	referenced_infra	no	20
llm_pool.ml	84	infrastructure	archive	unreferenced_infra	no	0
llm_provider_dispatch.ml	448	infrastructure	active	referenced_infra	yes	5
llm_response_cache.ml	129	infrastructure	active	referenced_infra	no	3
llm_types.ml	374	types	active	types_or_config	yes	63
local_agent_eio_container.ml	612	infrastructure	active	referenced_infra	yes	1
local_agent_eio_runners.ml	548	infrastructure	archive	unreferenced_infra	yes	0
local_agent_eio_types.ml	682	types	active	types_or_config	yes	1
local_agent_eio.ml	4	infrastructure	active	referenced_infra	no	4
local_runtime_pool.ml	531	infrastructure	active	referenced_infra	no	4
lodge_agent_profile.ml	218	lodge	active	lodge_system	no	1
lodge_atmosphere.ml	83	lodge	active	lodge_system	no	2
lodge_broadcast.ml	253	lodge	active	lodge_system	no	0
lodge_cascade.ml	204	lodge	active	lodge_system	yes	19
lodge_daemon.ml	280	lodge	active	lodge_system	no	3
lodge_dashboard.ml	313	lodge	active	lodge_system	no	2
lodge_decision.ml	532	lodge	active	lodge_system	no	5
lodge_ecosystem.ml	582	lodge	active	lodge_system	no	2
lodge_heartbeat_agents.ml	503	lodge	active	lodge_system	no	0
lodge_heartbeat_state.ml	882	lodge	active	lodge_system	no	0
lodge_heartbeat.ml	825	lodge	active	lodge_system	yes	13
lodge_memory_gc.ml	229	lodge	active	lodge_system	no	1
lodge_memory.ml	157	lodge	active	lodge_system	no	2
lodge_personality.ml	49	lodge	active	lodge_system	yes	3
lodge_rate_limit.ml	109	lodge	active	lodge_system	no	2
lodge_reaction.ml	786	lodge	active	lodge_system	no	5
lodge_selection.ml	491	lodge	active	lodge_system	no	9
lodge_tom.ml	292	lodge	active	lodge_system	no	1
lodge_topic.ml	353	lodge	active	lodge_system	no	1
lodge_trace.ml	54	lodge	active	lodge_system	no	1
lodge_worker.ml	258	lodge	active	lodge_system	no	3
log.ml	181	infrastructure	active	referenced_infra	no	189
masc_error_recovery.ml	35	infrastructure	active	referenced_infra	no	1
masc_mcp.ml	398	infrastructure	active	core_server	yes	0
masc_pb.ml	5683	generated	active	generated_protobuf	no	1
mcp_prompt_surface.ml	245	infrastructure	active	referenced_infra	no	1
mcp_protocol.ml	83	infrastructure	active	referenced_infra	no	4
mcp_server_eio_call_tool.ml	378	infrastructure	active	core_server	no	2
mcp_server_eio_execute.ml	621	infrastructure	active	core_server	no	0
mcp_server_eio_governance.ml	110	infrastructure	active	core_server	no	3
mcp_server_eio_helpers.ml	45	infrastructure	active	core_server	no	2
mcp_server_eio_protocol.ml	637	infrastructure	active	core_server	no	1
mcp_server_eio_resource.ml	335	infrastructure	active	core_server	no	1
mcp_server_eio_tool_profile.ml	494	infrastructure	active	core_server	no	0
mcp_server_eio_types.ml	10	types	active	types_or_config	no	4
mcp_server_eio.ml	250	infrastructure	active	core_server	no	0
mcp_server.ml	595	infrastructure	active	referenced_infra	no	38
mcp_session.ml	43	infrastructure	active	referenced_infra	no	5
mdal_store.ml	326	infrastructure	active	referenced_infra	no	2
mdal_swarm.ml	233	infrastructure	active	referenced_infra	no	2
mdal_worker.ml	221	infrastructure	active	referenced_infra	no	2
mdal.ml	604	infrastructure	active	referenced_infra	no	3
memory_stream.ml	354	infrastructure	active	referenced_infra	no	5
mention_inbox.ml	138	infrastructure	active	referenced_infra	no	3
mention.ml	125	infrastructure	active	referenced_infra	no	8
message_schema.ml	328	infrastructure	archive	unreferenced_infra	no	0
metrics_store_eio.ml	214	infrastructure	active	referenced_infra	no	3
mind_eio.ml	573	infrastructure	archive	unreferenced_infra	no	0
mitosis_defaults.ml	80	lifecycle	active	lifecycle_system	no	0
mitosis_helpers.ml	691	lifecycle	active	lifecycle_system	no	0
mitosis_metrics.ml	39	lifecycle	active	lifecycle_system	no	1
mitosis_spawn.ml	225	lifecycle	active	lifecycle_system	no	0
mitosis.ml	877	lifecycle	active	lifecycle_system	no	7
mode.ml	510	infrastructure	active	referenced_infra	no	12
nickname.ml	58	infrastructure	active	referenced_infra	no	2
noosphere_eio.ml	447	infrastructure	archive	unreferenced_infra	no	0
notify.ml	278	infrastructure	active	referenced_infra	no	2
oas_events.ml	147	oas_bridge	active	oas_bridge	yes	3
oas_sse_bridge.ml	46	oas_bridge	active	oas_bridge	yes	1
operator_control_action.ml	400	infrastructure	archive	unreferenced_infra	no	0
operator_control_snapshot.ml	513	infrastructure	archive	unreferenced_infra	no	0
operator_control.ml	884	infrastructure	active	referenced_infra	no	9
operator_digest_session.ml	687	infrastructure	archive	unreferenced_infra	no	0
operator_digest_types.ml	670	types	active	types_or_config	no	0
operator_digest.ml	457	infrastructure	archive	unreferenced_infra	no	0
operator_judgment.ml	251	infrastructure	active	referenced_infra	no	3
operator_pending_confirm.ml	376	infrastructure	archive	unreferenced_infra	no	0
orchestrator.ml	264	infrastructure	active	referenced_infra	no	2
perpetual_loop.ml	420	perpetual	active	perpetual_runtime	yes	7
perpetual_oas_build.ml	114	perpetual	active	perpetual_runtime	yes	1
perpetual_oas_hooks.ml	189	perpetual	active	perpetual_runtime	yes	1
perpetual_oas_state.ml	51	perpetual	active	perpetual_runtime	no	3
perpetual_oas.ml	251	perpetual	active	perpetual_runtime	yes	1
planning_eio.ml	353	infrastructure	active	referenced_infra	no	2
post_verifier_llm.ml	163	infrastructure	active	referenced_infra	no	1
post_verifier.ml	267	infrastructure	active	referenced_infra	no	3
procedural_memory.ml	173	infrastructure	active	referenced_infra	no	1
process_eio.ml	325	infrastructure	active	referenced_infra	no	33
progress.ml	276	infrastructure	active	referenced_infra	no	2
prometheus.ml	279	infrastructure	active	referenced_infra	no	14
prompt_composer.ml	46	infrastructure	active	referenced_infra	no	1
prompt_registry.ml	443	infrastructure	active	referenced_infra	no	4
provider_adapter.ml	651	infrastructure	active	referenced_infra	no	15
pulse.ml	335	infrastructure	active	referenced_infra	no	5
rate_limit.ml	139	infrastructure	archive	unreferenced_infra	no	0
reflection.ml	123	infrastructure	active	referenced_infra	no	1
relation_materializer.ml	85	infrastructure	active	referenced_infra	no	2
relay.ml	355	infrastructure	archive	unreferenced_infra	no	0
resilience.ml	135	infrastructure	active	referenced_infra	no	15
response.ml	303	infrastructure	active	referenced_infra	no	31
room_agent.ml	176	infrastructure	active	core_coordination	no	0
room_checkpoint.ml	54	infrastructure	active	core_coordination	no	0
room_eio.ml	775	infrastructure	active	core_coordination	no	0
room_gc.ml	383	infrastructure	active	core_coordination	no	2
room_git.ml	242	infrastructure	active	core_coordination	no	2
room_multi.ml	112	infrastructure	active	core_coordination	no	0
room_portal.ml	214	infrastructure	active	core_coordination	no	0
room_query.ml	329	infrastructure	active	core_coordination	no	0
room_state.ml	408	infrastructure	active	core_coordination	no	2
room_task.ml	780	infrastructure	active	core_coordination	no	2
room_utils_backend_setup.ml	363	infrastructure	active	core_coordination	no	3
room_utils_ops.ml	289	infrastructure	active	core_coordination	no	0
room_utils_paths_backend.ml	293	infrastructure	active	core_coordination	no	0
room_utils.ml	5	infrastructure	active	core_coordination	no	68
room_vote.ml	181	infrastructure	active	core_coordination	no	0
room_walph_eio.ml	722	infrastructure	active	core_coordination	no	1
room_walph.ml	330	infrastructure	active	core_coordination	no	0
room_worktree.ml	297	infrastructure	active	core_coordination	no	0
room.ml	874	infrastructure	active	core_coordination	no	134
run_eio.ml	242	infrastructure	active	referenced_infra	no	2
run_log_eio.ml	252	infrastructure	active	referenced_infra	no	2
runtime_params.ml	206	infrastructure	active	referenced_infra	no	7
safe_ops.ml	197	infrastructure	active	referenced_infra	no	89
safe_parse.ml	170	infrastructure	active	referenced_infra	no	7
sentinel.ml	888	lifecycle	active	lifecycle_system	yes	4
server_auth.ml	391	server	active	core_server	no	0
server_checkpoint.ml	249	server	active	core_server	no	0
server_command_plane_http_help.ml	440	server	active	core_server	no	1
server_command_plane_http_mutations.ml	90	server	active	core_server	no	1
server_command_plane_http_stream.ml	209	server	active	core_server	no	1
server_command_plane_http_support.ml	217	server	active	core_server	no	2
server_command_plane_http.ml	56	server	active	core_server	no	2
server_dashboard_http_core.ml	560	server	active	core_server	no	0
server_dashboard_http.ml	576	server	active	core_server	no	1
server_h2_gateway_helpers.ml	65	server	active	core_server	no	0
server_h2_gateway_routes_cp.ml	582	server	active	core_server	no	1
server_h2_gateway_routes_extra.ml	564	server	active	core_server	no	1
server_h2_gateway.ml	781	server	active	core_server	no	0
server_mcp_transport_http_headers.ml	204	server	active	core_server	no	4
server_mcp_transport_http_mcp_handlers.ml	405	server	active	core_server	no	0
server_mcp_transport_http_protocol.ml	114	server	active	core_server	no	0
server_mcp_transport_http_session.ml	209	server	active	core_server	no	3
server_mcp_transport_http_sse.ml	144	server	active	core_server	no	1
server_mcp_transport_http_types.ml	11	types	active	types_or_config	no	3
server_mcp_transport_http.ml	842	server	active	core_server	no	3
server_routes_http_common.ml	404	server	active	core_server	no	0
server_routes_http_keeper_stream.ml	495	server	active	core_server	no	0
server_routes_http_pages.ml	336	server	active	core_server	no	0
server_routes_http_routes_command_plane_read.ml	146	server	active	core_server	no	1
server_routes_http_routes_command_plane_write.ml	423	server	active	core_server	no	1
server_routes_http_routes_dashboard.ml	238	server	active	core_server	no	1
server_routes_http_routes_frontend.ml	130	server	active	core_server	no	1
server_routes_http_routes_room.ml	161	server	active	core_server	no	1
server_routes_http_routes_social.ml	372	server	active	core_server	no	1
server_routes_http_routes_trpg.ml	373	server	active	core_server	no	1
server_routes_http_runtime.ml	160	server	active	core_server	no	0
server_routes_http.ml	18	server	active	core_server	no	0
server_runtime_bootstrap.ml	371	server	active	core_server	yes	0
server_social_http.ml	192	server	active	core_server	no	1
server_trpg_rest_actor.ml	718	server	active	core_server	no	0
server_trpg_rest_core.ml	441	server	active	core_server	no	0
server_trpg_rest_models.ml	468	server	active	core_server	no	0
server_trpg_rest_runtime.ml	387	server	active	core_server	no	0
server_trpg_rest_views.ml	619	server	active	core_server	no	0
server_trpg_rest.ml	3	server	active	core_server	no	0
server_tts_proxy.ml	22	server	active	core_server	no	0
server_utils.ml	119	server	active	core_server	no	2
session.ml	591	infrastructure	active	referenced_infra	no	19
shutdown_hooks.ml	26	infrastructure	active	referenced_infra	no	1
shutdown.ml	185	infrastructure	archive	unreferenced_infra	no	0
social_motion.ml	712	infrastructure	active	referenced_infra	no	1
social_runtime.ml	430	infrastructure	active	referenced_infra	no	5
social.ml	396	infrastructure	active	referenced_infra	no	2
spawn_eio.ml	341	infrastructure	active	referenced_infra	yes	11
spawn_registry.ml	438	infrastructure	archive	unreferenced_infra	no	0
spawn.ml	482	infrastructure	active	referenced_infra	no	15
sse_room_filter.ml	63	infrastructure	active	referenced_infra	no	1
sse.ml	250	infrastructure	active	referenced_infra	no	24
streamable_http.ml	223	infrastructure	active	referenced_infra	no	1
subscriptions.ml	292	infrastructure	active	referenced_infra	no	4
subsystem.ml	8	infrastructure	archive	unreferenced_infra	no	0
succession_oas.ml	687	oas_bridge	active	oas_bridge	yes	2
supervisor.ml	167	infrastructure	archive	unreferenced_infra	no	0
swarm_behaviors_eio.ml	226	infrastructure	archive	unreferenced_infra	no	0
swarm_checkpoint.ml	216	infrastructure	active	referenced_infra	no	1
swarm_eio.ml	617	infrastructure	active	referenced_infra	no	1
swarm_goal_loop.ml	347	infrastructure	active	referenced_infra	no	1
swarm_status_build.ml	310	infrastructure	archive	unreferenced_infra	no	0
swarm_status_classify.ml	372	infrastructure	archive	unreferenced_infra	no	0
swarm_status_inputs.ml	75	infrastructure	archive	unreferenced_infra	no	0
swarm_status_json.ml	377	infrastructure	archive	unreferenced_infra	no	0
swarm_status_lanes.ml	198	infrastructure	archive	unreferenced_infra	no	0
swarm_status_parse.ml	103	infrastructure	archive	unreferenced_infra	no	0
swarm_status_types.ml	126	types	active	types_or_config	no	0
swarm_status.ml	9	infrastructure	active	referenced_infra	no	6
task_dispatch.ml	183	infrastructure	active	core_coordination	no	1
task_pg.ml	341	infrastructure	active	core_coordination	no	1
team_context.ml	249	infrastructure	active	referenced_infra	yes	3
team_session_engine_eio.ml	723	team_session	active	team_session	no	10
team_session_engine_helpers.ml	564	team_session	active	team_session	no	0
team_session_engine_policy.ml	426	team_session	active	team_session	no	0
team_session_engine_status.ml	560	team_session	active	team_session	no	0
team_session_report_core.ml	865	team_session	active	team_session	no	0
team_session_report_proof_helpers.ml	524	team_session	active	team_session	no	0
team_session_report_proof.ml	419	team_session	active	team_session	no	1
team_session_report.ml	3	team_session	active	team_session	no	2
team_session_store.ml	304	team_session	active	team_session	no	28
team_session_types_enums.ml	465	team_session	active	team_session	no	0
team_session_types.ml	652	team_session	active	team_session	no	36
telemetry_eio.ml	357	infrastructure	active	referenced_infra	no	10
tempo.ml	154	infrastructure	active	referenced_infra	no	7
tool_a2a.ml	119	tool	active	core	no	2
tool_agent_timeline.ml	386	tool	active	core	no	3
tool_agent.ml	301	tool	active	core	no	2
tool_args.ml	58	tool	active	core	no	1
tool_async_spawn.ml	185	tool	active	core	no	3
tool_audit.ml	376	tool	active	core	no	4
tool_auth.ml	128	tool	active	core	no	2
tool_autoresearch.ml	892	tool	active	core	no	3
tool_board.ml	613	tool	active	core	no	15
tool_bridge.ml	94	tool	active	core	yes	2
tool_cache.ml	200	tool	active	core	no	3
tool_catalog.ml	306	tool	active	core_dispatch	no	10
tool_code_swarm.ml	237	tool	active	core	no	2
tool_code.ml	382	tool	active	core	no	3
tool_command_plane_chain_common.ml	201	tool	archive	unreferenced_tool	no	0
tool_command_plane_chain_launch.ml	463	tool	archive	unreferenced_tool	no	0
tool_command_plane_chain_query.ml	483	tool	active	core	no	1
tool_command_plane_dispatch.ml	47	tool	active	core	no	1
tool_command_plane_mutations.ml	76	tool	archive	unreferenced_tool	no	0
tool_command_plane_schemas_01.ml	439	tool	archive	schema_codegen_candidate	no	1
tool_command_plane_schemas_02.ml	70	tool	archive	schema_codegen_candidate	no	1
tool_command_plane_support.ml	359	tool	active	core	no	2
tool_command_plane_swarm_live.ml	200	tool	active	core	no	1
tool_command_plane.ml	21	tool	active	core	no	7
tool_compact.ml	187	tool	active	core	yes	4
tool_control.ml	200	tool	active	core	no	2
tool_cost.ml	104	tool	active	core	no	3
tool_council_json.ml	143	tool	archive	unreferenced_tool	no	0
tool_council_schemas.ml	227	tool	active	core	no	1
tool_council.ml	1071	tool	active	core	no	5
tool_dispatch.ml	180	tool	active	core_dispatch	no	11
tool_encryption.ml	152	tool	active	core	no	3
tool_gardener.ml	436	tool	active	core	no	3
tool_goals.ml	661	tool	active	core	no	5
tool_handover.ml	260	tool	active	core	no	3
tool_harness_health.ml	86	tool	archive	unreferenced_tool	no	0
tool_hat.ml	83	tool	active	core	no	3
tool_heartbeat.ml	203	tool	active	core	no	3
tool_help_registry.ml	475	tool	active	core	no	6
tool_inline_dispatch_episode.ml	153	tool	active	core	no	1
tool_inline_dispatch_extra.ml	442	tool	active	core_dispatch	no	1
tool_inline_dispatch.ml	825	tool	active	core_dispatch	no	1
tool_keeper.ml	407	tool	active	core	no	9
tool_library.ml	427	tool	active	core	no	3
tool_llm_catalog.ml	150	tool	active	core	no	3
tool_local_runtime_core.ml	219	tool	archive	unreferenced_tool	no	0
tool_local_runtime.ml	847	tool	active	core	no	7
tool_lodge_agents_cache.ml	417	tool	active	core	no	1
tool_lodge_agents_ops.ml	416	tool	active	core	no	1
tool_lodge_autonomous.ml	173	tool	active	core	no	1
tool_lodge_config_http.ml	308	tool	active	core	no	1
tool_lodge_discussion_defs.ml	115	tool	active	core	no	1
tool_lodge_llm_cycle.ml	245	tool	archive	unreferenced_tool	no	0
tool_lodge_orchestrate.ml	197	tool	active	core	no	1
tool_lodge_project.ml	303	tool	active	core	no	1
tool_lodge_react_core.ml	394	tool	active	core	no	1
tool_lodge.ml	53	tool	active	core	no	4
tool_mdal_schemas.ml	219	tool	archive	unreferenced_tool	no	0
tool_mdal.ml	887	tool	active	core	no	4
tool_metrics.ml	90	tool	active	core	no	1
tool_misc.ml	834	tool	active	core	no	3
tool_mitosis.ml	1081	tool	active	core	no	4
tool_notifications.ml	126	tool	active	core	no	2
tool_operator.ml	310	tool	active	core	no	5
tool_permissions.ml	57	tool	active	core	no	1
tool_perpetual.ml	308	tool	active	core	yes	4
tool_plan.ml	191	tool	active	core	no	2
tool_portal.ml	47	tool	active	core	no	2
tool_protocol_game_view_handlers.ml	540	tool	archive	low_ref_large_tool	no	0
tool_protocol_game_view_utils.ml	408	tool	archive	unreferenced_tool	no	0
tool_protocol_game_view.ml	504	tool	active	core	no	3
tool_rate_limit.ml	100	tool	active	core	no	3
tool_registry.ml	170	tool	active	core	no	5
tool_relay.ml	295	tool	active	core	no	3
tool_result.ml	34	tool	active	core	no	4
tool_room.ml	295	tool	active	core	no	2
tool_run.ml	188	tool	active	core	no	3
tool_schemas_a2a.ml	212	tool	archive	schema_codegen_candidate	no	3
tool_schemas_agent.ml	395	tool	archive	schema_codegen_candidate	no	2
tool_schemas_auth.ml	107	tool	archive	schema_codegen_candidate	no	2
tool_schemas_control.ml	118	tool	archive	schema_codegen_candidate	no	3
tool_schemas_inline.ml	902	tool	archive	schema_codegen_candidate	no	3
tool_schemas_misc.ml	234	tool	archive	schema_codegen_candidate	no	3
tool_schemas_plan.ml	178	tool	archive	schema_codegen_candidate	no	2
tool_schemas_portal.ml	84	tool	archive	schema_codegen_candidate	no	2
tool_schemas_room_core.ml	86	tool	archive	schema_codegen_candidate	no	2
tool_schemas_room_extra.ml	97	tool	archive	schema_codegen_candidate	no	2
tool_schemas_room.ml	2	tool	archive	schema_codegen_candidate	no	1
tool_schemas_worktree.ml	59	tool	archive	schema_codegen_candidate	no	2
tool_shard.ml	508	tool	active	core	no	3
tool_social.ml	366	tool	active	core	no	3
tool_suspend.ml	220	tool	active	core	no	3
tool_tag_init.ml	190	tool	active	core_dispatch	no	1
tool_task.ml	629	tool	active	core	no	3
tool_team_session_handlers.ml	574	tool	archive	low_ref_large_tool	yes	0
tool_team_session_routing_workers.ml	498	tool	archive	unreferenced_tool	no	0
tool_team_session_routing.ml	751	tool	archive	low_ref_large_tool	yes	0
tool_team_session_schemas.ml	686	tool	archive	low_ref_large_tool	no	0
tool_team_session_step_exec.ml	449	tool	active	core	yes	1
tool_team_session_step_types.ml	148	tool	archive	unreferenced_tool	yes	0
tool_team_session_step.ml	857	tool	active	core	no	3
tool_team_session_support.ml	506	tool	archive	low_ref_large_tool	yes	0
tool_team_session.ml	10	tool	active	core	no	6
tool_tempo.ml	153	tool	active	core	no	3
tool_trace_hooks.ml	73	tool	archive	unreferenced_tool	no	0
tool_trpg.ml	149	tool	active	core	no	6
tool_unified.ml	93	tool	active	core	no	2
tool_verification.ml	121	tool	active	core	no	1
tool_voice.ml	269	tool	active	core	no	4
tool_vote.ml	190	tool	active	core	yes	3
tool_walph.ml	211	tool	active	core	no	3
tool_worktree.ml	39	tool	active	core	no	2
tools.ml	59	infrastructure	active	referenced_infra	no	1
trace.ml	156	infrastructure	active	referenced_infra	no	2
trajectory.ml	297	infrastructure	active	referenced_infra	no	6
transport_grpc_next.ml	689	infrastructure	archive	unreferenced_infra	no	0
transport.ml	666	infrastructure	active	referenced_infra	no	4
trpg_action.ml	638	trpg	archive	experimental_trpg	no	0
trpg_actor_match.ml	190	trpg	archive	experimental_trpg	no	1
trpg_bdi.ml	258	trpg	archive	experimental_trpg	no	2
trpg_bestiary.ml	724	trpg	archive	experimental_trpg	no	0
trpg_dm_intent.ml	389	trpg	archive	experimental_trpg	no	1
trpg_engine_event.ml	172	trpg	active	high_dependency_29	no	29
trpg_engine_replay.ml	18	trpg	archive	experimental_trpg	no	2
trpg_engine_state_machine.ml	63	trpg	archive	experimental_trpg	no	0
trpg_engine_store_sqlite.ml	304	trpg	archive	experimental_trpg	no	7
trpg_engine_store.ml	150	trpg	archive	experimental_trpg	no	3
trpg_engine_types.ml	108	types	active	types_or_config	no	6
trpg_handlers_actors.ml	565	trpg	archive	experimental_trpg	no	0
trpg_handlers_core.ml	665	trpg	archive	experimental_trpg	no	0
trpg_handlers_session.ml	701	trpg	archive	experimental_trpg	no	0
trpg_handlers.ml	7	trpg	archive	experimental_trpg	no	0
trpg_harness.ml	277	trpg	active	oas_integrated	yes	1
trpg_preset_store.ml	589	trpg	archive	experimental_trpg	no	5
trpg_round_fallback.ml	639	trpg	archive	experimental_trpg	no	0
trpg_round_keeper_parse.ml	285	trpg	archive	experimental_trpg	no	0
trpg_round_prompt.ml	799	trpg	archive	experimental_trpg	no	2
trpg_round_run_ctx.ml	45	trpg	archive	experimental_trpg	no	1
trpg_round_run_handler.ml	891	trpg	archive	experimental_trpg	no	1
trpg_round_run_process.ml	862	trpg	archive	experimental_trpg	no	1
trpg_round.ml	507	trpg	archive	experimental_trpg	no	1
trpg_rule_dnd5e_lite_core.ml	603	trpg	archive	experimental_trpg	no	0
trpg_rule_dnd5e_lite.ml	418	trpg	archive	experimental_trpg	no	3
trpg_rule.ml	6	trpg	archive	experimental_trpg	no	3
trpg_schema.ml	570	trpg	archive	experimental_trpg	no	1
trpg_slot.ml	146	trpg	archive	experimental_trpg	no	0
trpg_store.ml	97	trpg	active	high_dependency_9	no	9
trpg_types_canon.ml	371	types	active	types_or_config	no	0
trpg_types_world.ml	522	types	active	types_or_config	no	0
trpg_types.ml	801	types	active	types_or_config	no	1
trpg_visibility.ml	96	trpg	archive	experimental_trpg	no	1
trpg_world_projection.ml	133	trpg	archive	experimental_trpg	no	3
types_auth.ml	356	infrastructure	archive	unreferenced_infra	no	0
types_core.ml	645	infrastructure	archive	unreferenced_infra	no	0
types.ml	3	infrastructure	active	referenced_infra	no	188
udp_socket_eio.ml	78	infrastructure	archive	unreferenced_infra	no	0
validation.ml	156	infrastructure	active	referenced_infra	no	1
verification.ml	376	infrastructure	archive	unreferenced_infra	no	0
verifier_oas.ml	290	oas_bridge	active	oas_bridge	yes	5
version.ml	6	infrastructure	active	referenced_infra	no	10
voice_bridge_eio_core.ml	261	voice	archive	experimental_voice	no	0
voice_bridge_eio.ml	862	voice	archive	experimental_voice	no	0
voice_bridge.ml	2	voice	archive	experimental_voice	no	6
voice_config.ml	424	voice	archive	experimental_voice	no	3
voice_session_manager.ml	251	voice	archive	experimental_voice	no	0
voice_stream.ml	419	voice	archive	experimental_voice	no	0
void.ml	351	infrastructure	archive	unreferenced_infra	no	0
web_dashboard.ml	58	infrastructure	active	referenced_infra	no	2
worker_oas.ml	401	oas_bridge	active	oas_bridge	yes	0
workflow_guide.ml	455	infrastructure	active	referenced_infra	no	3
